<configuration>
  <appender name="CONSOLE" class="ch.qos.logback.core.ConsoleAppender">
    <encoder>
      <pattern>%d{yyyy-MM-dd HH:mm:ss.SSS}  %-5level - %msg%n</pattern>
    </encoder>
  </appender>

  <appender name="ROLLING" class="ch.qos.logback.core.rolling.RollingFileAppender">
    <file>logs/Debug.log</file>
    <rollingPolicy class="ch.qos.logback.core.rolling.TimeBasedRollingPolicy">
      <fileNamePattern>logs/Debug-%d{yyyy-MM-dd}.log</fileNamePattern>
    </rollingPolicy>
    <encoder>
      <pattern>%d{yyyy-MM-dd HH:mm:ss.SSS}  %-5level  %logger{0}.%M - %msg%n</pattern>
    </encoder>
  </appender>

  <root level="INFO">
    <appender-ref ref="CONSOLE" />
    <appender-ref ref="ROLLING" />
  </root>
</configuration>
